timestamp_local,timestamp_epoch_s,hr_bpm,rr_ms
2026-09-13 19:32:35.975,1789338755.9755223,76,789
2026-09-13 19:32:36.144,1789338756.1447773,68,882
2026-09-13 19:32:36.964,1789338756.9647772,73,820
2026-09-13 19:32:37.955,1789338757.955064,79,761
2026-09-13 19:32:38.944,1789338758.9449282,86,695
2026-09-13 19:32:39.934,1789338759.9347131,82,729
2026-09-13 19:32:40.092,1789338760.0921726,70,859
2026-09-13 19:32:40.970,1789338760.9701724,68,878
2026-09-13 19:32:42.005,1789338762.005049,76,792
2026-09-13 19:32:42.949,1789338762.949649,82,731
2026-09-13 19:32:43.984,1789338763.9847112,79,755
2026-09-13 19:32:45.020,1789338765.0200245,57,1057
2026-09-13 19:32:45.965,1789338765.9651635,57,1044
2026-09-13 19:32:46.133,1789338766.1333666,60,993
2026-09-13 19:32:46.955,1789338766.9553666,73,822
2026-09-13 19:32:48.934,1789338768.9346502,79,760
2026-09-13 19:32:49.970,1789338769.9702294,80,749
2026-09-13 19:32:51.004,1789338771.0049736,59,1014
2026-09-13 19:32:51.949,1789338771.949854,52,1161
2026-09-13 19:32:51.985,1789338771.985276,55,1085
2026-09-13 19:32:52.941,1789338772.9412758,63,956
2026-09-13 19:32:53.974,1789338773.974877,73,817
2026-09-13 19:32:54.965,1789338774.9653113,79,758
2026-09-13 19:32:55.954,1789338775.95491,75,805
2026-09-13 19:32:56.819,1789338776.8193378,50,1193
2026-09-13 19:32:57.935,1789338777.9353378,54,1116
2026-09-13 19:32:59.015,1789338779.0154521,53,1125
2026-09-13 19:32:59.959,1789338779.959646,68,877
2026-09-13 19:33:00.950,1789338780.9500136,76,789
2026-09-13 19:33:01.940,1789338781.9403267,73,821
2026-09-13 19:33:02.975,1789338782.9755735,50,1196
2026-09-13 19:33:03.965,1789338783.9653828,54,1116
2026-09-13 19:33:04.954,1789338784.954992,53,1128
2026-09-13 19:33:05.944,1789338785.9448657,71,841
2026-09-13 19:33:06.934,1789338786.9348521,78,770
2026-09-13 19:33:07.969,1789338787.969662,77,780
2026-09-13 19:33:08.960,1789338788.9603388,51,1180
2026-09-13 19:33:09.949,1789338789.9497535,55,1083
2026-09-13 19:33:10.089,1789338790.0893488,58,1041
2026-09-13 19:33:10.940,1789338790.9403489,71,851
2026-09-13 19:33:11.975,1789338791.9756858,78,769
2026-09-13 19:33:12.965,1789338792.965105,82,729
2026-09-13 19:33:13.955,1789338793.9551451,80,753
2026-09-13 19:33:14.947,1789338794.947344,55,1086
2026-09-13 19:33:15.937,1789338795.9373236,55,1100
2026-09-13 19:33:16.970,1789338796.970177,58,1042
2026-09-13 19:33:17.959,1789338797.959742,69,867
2026-09-13 19:33:18.950,1789338798.950221,76,786
2026-09-13 19:33:19.942,1789338799.9428387,76,793
2026-09-13 19:33:20.974,1789338800.974943,64,934
2026-09-13 19:33:20.981,1789338800.9811125,60,998
2026-09-13 19:33:21.965,1789338801.9651127,61,984
2026-09-13 19:33:22.955,1789338802.9550023,68,885
2026-09-13 19:33:23.945,1789338803.9453473,76,785
2026-09-13 19:33:24.935,1789338804.9356453,81,744
2026-09-13 19:33:25.970,1789338805.970057,78,771
2026-09-13 19:33:26.959,1789338806.9596405,63,954
2026-09-13 19:33:27.949,1789338807.9497926,58,1032
2026-09-13 19:33:28.070,1789338808.070985,60,996
2026-09-13 19:33:28.939,1789338808.9399848,69,869
2026-09-13 19:33:29.975,1789338809.9751267,77,777
2026-09-13 19:33:30.965,1789338810.9656925,80,752
2026-09-13 19:33:31.957,1789338811.957322,76,791
2026-09-13 19:33:32.990,1789338812.9904282,65,920
2026-09-13 19:33:33.980,1789338813.9806664,59,1010
2026-09-13 19:33:34.124,1789338814.12439,61,977
2026-09-13 19:33:34.970,1789338814.97039,71,846
2026-09-13 19:33:35.959,1789338815.9596581,78,774
2026-09-13 19:33:36.950,1789338816.9500864,80,751
2026-09-13 19:33:37.940,1789338817.9402864,73,817
2026-09-13 19:33:38.932,1789338818.9328532,62,973
2026-09-13 19:33:39.965,1789338819.965094,58,1028
2026-09-13 19:33:40.955,1789338820.955756,60,998
2026-09-13 19:33:41.945,1789338821.9454052,71,842
2026-09-13 19:33:42.170,1789338822.1706529,78,774
2026-09-13 19:33:42.935,1789338822.9356532,78,765
2026-09-13 19:33:43.974,1789338823.9741175,70,854
2026-09-13 19:33:44.960,1789338824.9602547,65,926
2026-09-13 19:33:45.950,1789338825.9500892,62,973
2026-09-13 19:33:46.940,1789338826.9403212,71,840
2026-09-13 19:33:48.020,1789338828.0202901,64,931
2026-09-13 19:33:48.965,1789338828.9655313,78,771
2026-09-13 19:33:49.955,1789338829.9552383,79,762
2026-09-13 19:33:49.931,1789338829.9313958,68,880
2026-09-13 19:33:50.945,1789338830.945396,59,1014
2026-09-13 19:33:51.935,1789338831.9354074,59,1017
2026-09-13 19:33:52.970,1789338832.9700885,67,899
2026-09-13 19:33:53.960,1789338833.9603798,75,797
2026-09-13 19:33:54.950,1789338834.9507444,81,745
2026-09-13 19:33:55.939,1789338835.9398422,79,759
2026-09-13 19:33:56.975,1789338836.975268,70,863
2026-09-13 19:33:56.972,1789338836.972262,62,972
2026-09-13 19:33:57.965,1789338837.965262,60,993
2026-09-13 19:33:58.955,1789338838.9553168,64,942
2026-09-13 19:33:59.945,1789338839.945141,72,832
2026-09-13 19:34:00.937,1789338840.9374723,77,783
2026-09-13 19:34:01.969,1789338841.9696443,75,804
2026-09-13 19:34:02.960,1789338842.9603567,62,964
2026-09-13 19:34:03.949,1789338843.9496796,59,1022
2026-09-13 19:34:04.070,1789338844.0701225,60,1003
2026-09-13 19:34:04.940,1789338844.9401224,69,870
2026-09-13 19:34:05.975,1789338845.9752674,76,789
2026-09-13 19:34:06.965,1789338846.9655077,79,757
2026-09-13 19:34:07.955,1789338847.9552646,76,792
2026-09-13 19:34:08.945,1789338848.9455214,66,910
2026-09-13 19:34:09.980,1789338849.9802125,64,940
2026-09-13 19:34:10.148,1789338850.1481853,64,932
2026-09-13 19:34:10.970,1789338850.9701853,73,822
2026-09-13 19:34:11.960,1789338851.9603314,78,771
2026-09-13 19:34:12.950,1789338852.950184,80,750
2026-09-13 19:34:13.962,1789338853.9629006,75,805
2026-09-13 19:34:14.974,1789338854.9749677,62,973
2026-09-13 19:34:15.965,1789338855.9656796,60,1001
2026-09-13 19:34:16.955,1789338856.955168,63,954
2026-09-13 19:34:17.147,1789338857.1476014,71,844
2026-09-13 19:34:17.945,1789338857.9456015,75,798
2026-09-13 19:34:18.935,1789338858.9350865,73,818
2026-09-13 19:34:19.971,1789338859.9715047,66,908
2026-09-13 19:34:20.960,1789338860.960238,62,963
2026-09-13 19:34:21.950,1789338861.9501488,64,940
2026-09-13 19:34:22.985,1789338862.985327,67,893
2026-09-13 19:34:23.206,1789338863.2062783,74,806
2026-09-13 19:34:23.975,1789338863.9752784,78,769
2026-09-13 19:34:24.967,1789338864.967105,78,770
2026-09-13 19:34:25.954,1789338865.9546478,69,865
2026-09-13 19:34:26.945,1789338866.9456668,61,988
2026-09-13 19:34:27.934,1789338867.9348097,63,951
2026-09-13 19:34:28.970,1789338868.9700754,68,885
2026-09-13 19:34:29.204,1789338869.2040005,75,798
2026-09-13 19:34:29.963,1789338869.9630003,79,759
2026-09-13 19:34:30.950,1789338870.9502327,81,744
2026-09-13 19:34:31.939,1789338871.9396968,76,792
2026-09-13 19:34:32.974,1789338872.9748855,67,900
2026-09-13 19:34:33.965,1789338873.965318,62,968
2026-09-13 19:34:34.168,1789338874.1683495,67,899
2026-09-13 19:34:34.955,1789338874.9553494,76,787
2026-09-13 19:34:35.945,1789338875.9450533,81,742
2026-09-13 19:34:36.935,1789338876.9350803,82,733
2026-09-13 19:34:38.015,1789338878.0154002,76,790
2026-09-13 19:34:38.963,1789338878.9631026,62,963
2026-09-13 19:34:39.950,1789338879.9503567,60,1000
2026-09-13 19:34:40.940,1789338880.940602,63,950
2026-09-13 19:34:41.157,1789338881.1573293,72,834
2026-09-13 19:34:41.975,1789338881.9753294,73,818
2026-09-13 19:34:42.965,1789338882.9655397,74,809
2026-09-13 19:34:43.955,1789338883.9554331,77,779
2026-09-13 19:34:44.227,1789338884.227308,83,720
2026-09-13 19:34:44.945,1789338884.9453082,84,718
2026-09-13 19:34:45.935,1789338885.9358387,77,777
2026-09-13 19:34:46.970,1789338886.970298,68,882
2026-09-13 19:34:47.960,1789338887.9604714,65,927
2026-09-13 19:34:48.950,1789338888.95026,63,956
2026-09-13 19:34:49.940,1789338889.9405904,63,959
2026-09-13 19:34:50.975,1789338890.9755828,62,964
2026-09-13 19:34:51.965,1789338891.9653513,63,952
2026-09-13 19:34:53.000,1789338893.0003722,66,915
2026-09-13 19:34:53.945,1789338893.945371,67,898
2026-09-13 19:34:54.934,1789338894.9348974,68,888
2026-09-13 19:34:55.970,1789338895.9702928,67,894
2026-09-13 19:34:56.053,1789338896.053479,66,905
2026-09-13 19:34:56.960,1789338896.9604788,66,907
2026-09-13 19:34:57.951,1789338897.9517002,65,919
2026-09-13 19:34:58.943,1789338898.9432657,66,904
2026-09-13 19:34:59.975,1789338899.975415,66,910
2026-09-13 19:35:00.965,1789338900.9656904,67,897
2026-09-13 19:35:01.957,1789338901.9576435,67,889
2026-09-13 19:35:02.990,1789338902.9903853,65,919
2026-09-13 19:35:03.935,1789338903.9351358,67,896
2026-09-13 19:35:04.970,1789338904.9704242,68,883
